ts,uptime_s,temp_c,throttled,load1,mem_avail_mb,conntrack,nds_clients,disk_pct,db_mb,failed_units,wlan0_up
2026-09-19T16:31:33+07:00,5880,65.7,0x0,0.06,3348,125,3,4,144,0,1
2026-09-19T16:36:50+07:00,6198,64.3,0x0,0.20,3363,186,3,4,144,0,1
2026-09-19T16:41:51+07:00,6498,64.3,0x0,0.01,3363,433,2,4,144,0,1
2026-09-19T16:46:51+07:00,6798,64.3,0x0,0.04,3296,333,3,4,144,0,1
2026-09-19T16:52:00+07:00,7108,64.8,0x0,0.00,3364,68,3,4,144,0,1
2026-09-19T16:57:21+07:00,7428,65.2,0x0,0.00,3359,71,3,4,144,0,1
2026-09-19T17:02:21+07:00,7728,64.8,0x0,0.07,3360,67,3,4,144,0,1
2026-09-19T17:07:50+07:00,8058,64.3,0x0,0.00,3362,93,3,4,145,0,1
2026-09-19T17:12:50+07:00,8358,63.8,0x0,0.05,3364,348,2,4,145,0,1
2026-09-19T17:17:51+07:00,8658,63.8,0x0,0.00,3360,348,2,4,145,0,1
2026-09-19T17:23:00+07:00,8967,65.2,0x0,0.09,3359,488,2,4,145,0,1
2026-09-19T17:28:30+07:00,9297,65.7,0x0,0.00,3357,351,2,4,145,0,1
2026-09-19T17:33:50+07:00,9618,63.8,0x0,0.25,3360,356,2,4,145,0,1
2026-09-19T17:38:51+07:00,9918,66.7,0x0,0.25,3290,332,2,4,145,0,1
2026-09-19T17:43:51+07:00,10218,65.7,0x0,0.15,3360,62,2,4,145,0,1
2026-09-19T17:49:00+07:00,10527,64.3,0x0,0.44,3362,396,2,4,145,0,1
2026-09-19T17:54:21+07:00,10848,65.7,0x0,0.25,3359,99,2,4,145,0,1
2026-09-19T17:59:21+07:00,11148,65.2,0x0,0.33,3360,95,2,4,145,0,1
2026-09-19T18:04:50+07:00,11478,63.8,0x0,0.17,3362,76,2,4,145,0,1
2026-09-19T18:09:51+07:00,11778,64.8,0x0,0.00,3359,416,2,4,145,0,1
2026-09-19T18:14:52+07:00,12079,64.8,0x0,0.08,3353,449,2,4,145,0,1
2026-09-19T18:19:51+07:00,12378,66.2,0x0,0.00,3355,322,2,4,145,0,1
2026-09-19T18:25:00+07:00,12688,65.2,0x0,0.00,3352,364,2,4,145,0,1
2026-09-19T18:30:17+07:00,13005,64.8,0x0,0.00,3360,365,2,4,145,0,1
2026-09-19T18:35:21+07:00,13309,65.2,0x0,0.00,3356,66,2,4,145,0,1
2026-09-19T18:40:22+07:00,13609,66.7,0x0,0.07,3313,362,2,4,145,0,1
2026-09-19T18:45:22+07:00,13909,65.7,0x0,0.00,3312,333,2,4,145,0,1
2026-09-19T18:50:50+07:00,14238,64.8,0x0,0.00,3352,60,2,4,145,0,1
2026-09-19T18:55:51+07:00,14538,65.7,0x0,0.04,3351,357,2,4,145,0,1
2026-09-19T19:00:51+07:00,14838,66.2,0x0,0.00,3351,349,2,4,146,0,1
2026-09-19T19:05:51+07:00,15138,65.7,0x0,0.03,3352,372,2,4,146,0,1
2026-09-19T19:11:00+07:00,15448,65.7,0x0,0.00,3351,116,2,4,146,0,1
2026-09-19T19:16:30+07:00,15778,65.7,0x0,0.00,3350,91,2,4,146,0,1
2026-09-19T19:21:50+07:00,16098,65.2,0x0,0.13,3352,349,2,4,146,0,1
2026-09-19T19:26:51+07:00,16398,66.2,0x0,0.01,3350,81,2,4,146,0,1
2026-09-19T19:31:51+07:00,16698,66.7,0x0,0.18,3345,331,2,4,146,0,1
2026-09-19T19:36:51+07:00,16998,66.2,0x0,0.05,3346,362,1,4,146,0,1
2026-09-19T19:41:51+07:00,17298,65.2,0x0,0.00,3350,336,1,4,146,0,1
2026-09-19T19:47:00+07:00,17608,64.3,0x0,0.02,3350,372,1,4,146,0,1
2026-09-19T19:52:21+07:00,17928,64.8,0x0,0.03,3349,67,2,4,146,0,1
2026-09-19T19:57:21+07:00,18228,65.2,0x0,0.02,3349,67,1,4,146,0,1
2026-09-19T20:02:21+07:00,18528,65.2,0x0,0.00,3348,92,1,4,146,0,1
2026-09-19T20:07:50+07:00,18858,66.2,0x0,0.05,3346,129,2,4,146,0,1
2026-09-19T20:12:51+07:00,19159,66.7,0x0,0.14,3347,125,1,4,146,0,1
2026-09-19T20:18:00+07:00,19468,65.7,0x0,0.00,3349,373,1,4,146,0,1
2026-09-19T20:23:21+07:00,19788,66.2,0x0,0.00,3346,109,2,4,146,0,1
2026-09-19T20:28:50+07:00,20118,66.2,0x0,0.00,3348,123,2,4,146,0,1
2026-09-19T20:33:51+07:00,20419,65.7,0x0,0.00,3341,95,1,4,146,0,1
2026-09-19T20:39:00+07:00,20727,66.7,0x0,0.03,3340,79,1,4,146,0,1
2026-09-19T20:44:18+07:00,21045,63.8,0x0,0.00,3347,94,2,4,146,0,1
2026-09-19T20:49:40+07:00,21368,65.7,0x0,0.01,3347,108,2,4,146,0,1
2026-09-19T20:54:50+07:00,21678,66.2,0x0,0.02,3342,361,1,4,146,0,1
2026-09-19T20:59:51+07:00,21978,67.2,0x0,0.02,3344,324,1,4,146,0,1
2026-09-19T21:04:51+07:00,22278,66.2,0x0,0.31,3346,326,2,4,147,0,1
2026-09-19T21:09:52+07:00,22579,67.2,0x0,0.15,3299,359,2,4,147,0,1
2026-09-19T21:15:00+07:00,22887,65.7,0x0,0.47,3343,339,1,4,147,0,1
2026-09-19T21:20:20+07:00,23208,65.2,0x0,0.02,3346,94,1,4,148,0,1
2026-09-19T21:25:50+07:00,23538,64.8,0x0,0.01,3345,108,2,4,148,0,1
2026-09-19T21:30:50+07:00,23838,65.2,0x0,0.05,3339,73,2,4,148,0,1
2026-09-19T21:35:51+07:00,24138,66.7,0x0,0.00,3342,374,1,4,148,0,1
2026-09-19T21:40:51+07:00,24439,66.2,0x0,0.07,3343,95,1,4,148,0,1
2026-09-19T21:46:00+07:00,24748,65.2,0x0,0.00,3347,362,2,4,148,0,1
2026-09-19T21:51:21+07:00,25068,65.2,0x0,0.01,3344,79,2,4,148,0,1
2026-09-19T21:56:21+07:00,25368,66.2,0x0,0.00,3343,90,1,4,148,0,1
2026-09-19T22:01:23+07:00,25670,65.7,0x0,0.01,3344,341,1,4,149,0,1
2026-09-19T22:06:51+07:00,25999,65.7,0x0,0.01,3343,98,2,4,149,0,1
2026-09-19T22:11:51+07:00,26298,66.2,0x0,0.00,3343,377,2,4,149,0,1
2026-09-19T22:17:00+07:00,26608,65.2,0x0,0.00,3343,83,1,4,149,0,1
2026-09-19T22:22:21+07:00,26928,65.7,0x0,0.01,3345,71,1,4,149,0,1
2026-09-19T22:27:21+07:00,27228,65.7,0x0,0.00,3343,92,2,4,149,0,1
2026-09-19T22:32:21+07:00,27528,65.2,0x0,0.02,3342,74,2,4,149,0,1
2026-09-19T22:37:50+07:00,27858,63.8,0x0,0.00,3344,72,1,4,149,0,1
2026-09-19T22:42:51+07:00,28158,65.7,0x0,0.00,3341,360,2,4,149,0,1
2026-09-19T22:47:51+07:00,28458,65.7,0x0,0.02,3338,390,2,4,150,0,1
2026-09-19T22:53:00+07:00,28768,66.2,0x0,0.00,3341,105,1,4,150,0,1
2026-09-19T22:58:21+07:00,29089,65.7,0x0,0.07,3344,88,1,4,150,0,1
2026-09-19T23:03:50+07:00,29418,64.8,0x0,0.03,3342,90,2,4,150,0,1
2026-09-19T23:08:51+07:00,29718,67.2,0x0,0.06,3341,384,2,4,150,0,1
2026-09-19T23:14:00+07:00,30028,65.7,0x0,0.00,3340,98,2,4,150,0,1
2026-09-19T23:19:21+07:00,30348,64.8,0x0,0.25,3343,373,2,4,150,0,1
2026-09-19T23:24:22+07:00,30649,66.2,0x0,0.05,3302,343,2,4,150,0,1
2026-09-19T23:29:50+07:00,30978,65.7,0x0,0.00,3338,85,2,4,150,0,1
2026-09-19T23:34:50+07:00,31278,65.7,0x0,0.01,3342,348,1,4,150,0,1
2026-09-19T23:39:51+07:00,31578,65.7,0x0,0.13,3344,367,1,4,150,0,1
2026-09-19T23:44:51+07:00,31878,67.2,0x0,0.00,3340,328,2,4,150,0,1
2026-09-19T23:49:51+07:00,32178,65.7,0x0,0.06,3342,327,2,4,150,0,1
2026-09-19T23:54:51+07:00,32478,65.2,0x0,0.02,3338,68,1,4,150,0,1
2026-09-20T00:00:00+07:00,32788,65.2,0x0,0.13,3340,364,0,4,150,0,1
2026-09-20T00:05:20+07:00,33108,66.7,0x0,0.01,3335,100,2,4,150,0,1
2026-09-20T00:10:50+07:00,33438,66.2,0x0,0.08,3338,103,2,4,150,0,1
2026-09-20T00:15:50+07:00,33738,65.7,0x0,0.00,3342,97,1,4,150,0,1
2026-09-20T00:20:51+07:00,34038,65.7,0x0,0.06,3340,366,1,4,150,0,1
2026-09-20T00:25:51+07:00,34338,65.7,0x0,0.00,3339,334,2,4,150,0,1
2026-09-20T00:31:00+07:00,34647,65.2,0x0,0.09,3336,348,2,4,150,0,1
2026-09-20T00:36:21+07:00,34968,64.8,0x0,0.00,3338,84,1,4,150,0,1
2026-09-20T00:41:21+07:00,35268,66.2,0x0,0.01,3333,89,1,4,150,0,1
2026-09-20T00:46:50+07:00,35598,66.2,0x0,0.16,3337,85,2,4,150,0,1
2026-09-20T00:51:50+07:00,35898,65.2,0x0,0.00,3337,349,2,4,150,0,1
2026-09-20T00:56:51+07:00,36198,65.2,0x0,0.02,3338,310,1,4,151,0,1
2026-09-20T01:02:00+07:00,36508,64.8,0x0,0.11,3339,66,1,4,151,0,1
2026-09-20T01:07:21+07:00,36828,66.2,0x0,0.01,3337,58,2,4,151,0,1
2026-09-20T01:12:21+07:00,37128,65.7,0x0,0.02,3337,58,2,4,151,0,1
2026-09-20T01:17:21+07:00,37428,65.2,0x0,0.05,3337,67,1,4,151,0,1
2026-09-20T01:22:50+07:00,37758,65.7,0x0,0.03,3336,92,1,4,151,0,1
2026-09-20T01:27:50+07:00,38058,66.2,0x0,0.04,3338,71,2,4,151,0,1
2026-09-20T01:32:51+07:00,38358,67.2,0x0,0.08,3338,343,2,4,151,0,1
2026-09-20T01:37:51+07:00,38658,65.7,0x0,0.00,3339,358,1,4,151,0,1
2026-09-20T01:43:00+07:00,38968,65.2,0x0,0.00,3338,319,1,4,151,0,1
2026-09-20T01:48:20+07:00,39288,65.7,0x0,0.07,3336,49,2,4,151,0,1
2026-09-20T01:53:21+07:00,39588,66.2,0x0,0.02,3337,63,2,4,151,0,1
2026-09-20T01:58:50+07:00,39918,64.8,0x0,0.02,3337,48,1,4,151,0,1
2026-09-20T02:03:50+07:00,40218,65.7,0x0,0.01,3331,55,2,4,151,0,1
2026-09-20T02:08:51+07:00,40518,66.7,0x0,0.00,3336,345,2,4,151,0,1
2026-09-20T02:14:00+07:00,40828,66.2,0x0,0.59,3337,62,1,4,151,0,1
2026-09-20T02:19:21+07:00,41148,66.2,0x0,0.64,3337,73,1,4,151,0,1
2026-09-20T02:24:21+07:00,41448,65.2,0x0,0.68,3337,79,2,4,151,0,1
2026-09-20T02:29:21+07:00,41748,64.8,0x0,0.74,3336,58,2,4,151,0,1
2026-09-20T02:34:50+07:00,42078,64.8,0x0,0.10,3336,94,1,4,151,0,1
2026-09-20T02:39:51+07:00,42378,66.7,0x0,0.05,3334,75,1,4,151,0,1
2026-09-20T02:44:51+07:00,42678,65.7,0x0,0.00,3333,355,1,4,151,0,1
2026-09-20T02:50:00+07:00,42988,64.8,0x0,0.00,3336,312,2,4,151,0,1
2026-09-20T02:55:21+07:00,43308,65.7,0x0,0.04,3335,61,1,4,151,0,1
2026-09-20T03:00:21+07:00,43608,65.7,0x0,0.04,3334,52,1,4,151,0,1
2026-09-20T03:05:21+07:00,43909,64.8,0x0,0.07,3334,61,2,4,151,0,1
2026-09-20T03:10:22+07:00,44209,66.7,0x0,0.01,3300,340,2,4,151,0,1
2026-09-20T03:15:22+07:00,44509,66.2,0x0,0.02,3279,350,1,4,151,0,1
2026-09-20T03:20:23+07:00,44810,66.7,0x0,0.00,3295,329,1,4,151,0,1
2026-09-20T03:25:50+07:00,45138,65.7,0x0,0.06,3335,72,2,4,151,0,1
2026-09-20T03:30:50+07:00,45438,64.3,0x0,0.00,3334,387,2,4,151,0,1
2026-09-20T03:35:51+07:00,45738,66.2,0x0,0.00,3333,61,1,4,151,0,1
2026-09-20T03:41:00+07:00,46047,66.2,0x0,0.05,3332,326,1,4,151,0,1
2026-09-20T03:46:21+07:00,46368,64.3,0x0,0.00,3333,68,2,4,151,0,1
2026-09-20T03:51:21+07:00,46668,65.2,0x0,0.02,3335,82,2,4,151,0,1
2026-09-20T03:56:21+07:00,46969,65.7,0x0,0.01,3331,78,1,4,151,0,1
2026-09-20T04:01:22+07:00,47269,66.7,0x0,0.14,3293,347,1,4,151,0,1
2026-09-20T04:06:22+07:00,47569,66.7,0x0,0.14,3290,331,2,4,151,0,1
2026-09-20T04:11:23+07:00,47870,66.7,0x0,0.18,3297,323,2,4,151,0,1
2026-09-20T04:16:50+07:00,48198,64.3,0x0,0.25,3335,86,1,4,151,0,1
2026-09-20T04:21:51+07:00,48498,64.3,0x0,0.03,3333,336,1,4,151,0,1
2026-09-20T04:26:51+07:00,48798,66.7,0x0,0.03,3263,312,2,4,151,0,1
2026-09-20T04:31:51+07:00,49098,65.7,0x0,0.06,3329,72,2,4,151,0,1
2026-09-20T04:36:51+07:00,49398,65.7,0x0,0.09,3331,345,1,4,151,0,1
2026-09-20T04:42:00+07:00,49708,65.2,0x0,0.05,3334,349,1,4,151,0,1
2026-09-20T04:47:00+07:00,50008,64.8,0x0,0.00,3331,62,2,4,151,0,1
2026-09-20T04:52:21+07:00,50328,64.8,0x0,0.02,3332,64,2,4,151,0,1
2026-09-20T04:57:21+07:00,50628,65.7,0x0,0.00,3332,57,1,4,151,0,1
2026-09-20T05:02:21+07:00,50928,65.2,0x0,0.05,3333,66,1,4,151,0,1
2026-09-20T05:07:50+07:00,51258,66.7,0x0,0.00,3326,87,2,4,151,0,1
2026-09-20T05:12:50+07:00,51558,64.8,0x0,0.15,3335,56,2,4,152,0,1
2026-09-20T05:17:51+07:00,51858,65.7,0x0,0.00,3331,360,1,4,152,0,1
2026-09-20T05:22:51+07:00,52159,64.3,0x0,0.02,3329,61,1,4,152,0,1
2026-09-20T05:27:51+07:00,52459,64.8,0x0,0.00,3330,66,2,4,152,0,1
2026-09-20T05:33:00+07:00,52767,65.2,0x0,0.02,3329,376,2,4,152,0,1
2026-09-20T05:38:21+07:00,53088,65.2,0x0,0.00,3332,50,1,4,152,0,1
2026-09-20T05:43:50+07:00,53418,65.2,0x0,0.00,3330,41,2,4,152,0,1
2026-09-20T05:48:50+07:00,53718,65.7,0x0,0.02,3331,59,2,4,152,0,1
2026-09-20T05:53:51+07:00,54018,65.7,0x0,0.22,3329,345,1,4,152,0,1
2026-09-20T05:58:51+07:00,54318,64.8,0x0,0.17,3330,328,1,4,152,0,1
2026-09-20T06:04:00+07:00,54628,64.8,0x0,0.00,3327,63,2,4,152,0,1
2026-09-20T06:09:20+07:00,54948,64.3,0x0,0.00,3327,69,2,4,152,0,1
2026-09-20T06:14:20+07:00,55248,63.3,0x0,0.10,3324,73,2,4,152,0,1
2026-09-20T06:19:50+07:00,55578,65.2,0x0,0.06,3325,77,2,4,152,0,1
2026-09-20T06:24:50+07:00,55878,65.2,0x0,0.05,3323,72,2,4,152,0,1
2026-09-20T06:29:51+07:00,56178,65.2,0x0,0.02,3324,342,1,4,152,0,1
2026-09-20T06:34:50+07:00,56478,64.8,0x0,0.09,3326,315,2,4,152,0,1
2026-09-20T06:39:51+07:00,56778,64.3,0x0,0.00,3326,354,2,4,152,0,1
2026-09-20T06:44:51+07:00,57078,65.7,0x0,0.00,3323,346,1,4,152,0,1
2026-09-20T06:50:00+07:00,57388,65.7,0x0,0.00,3321,58,1,4,152,0,1
2026-09-20T06:55:21+07:00,57708,63.8,0x0,0.00,3325,65,2,4,152,0,1
2026-09-20T07:00:21+07:00,58008,64.8,0x0,0.02,3322,67,2,4,152,0,1
2026-09-20T07:05:47+07:00,58334,65.7,0x0,0.00,3320,64,1,4,152,0,1
2026-09-20T07:10:51+07:00,58639,65.7,0x0,0.00,3324,75,1,4,152,0,1
2026-09-20T07:15:51+07:00,58939,65.2,0x0,0.00,3323,67,2,4,152,0,1
2026-09-20T07:21:00+07:00,59248,65.2,0x0,0.03,3326,338,2,4,152,0,1
2026-09-20T07:26:21+07:00,59568,63.8,0x0,0.03,3324,49,1,4,152,0,1
2026-09-20T07:31:50+07:00,59898,64.3,0x0,0.00,3323,88,1,4,152,0,1
2026-09-20T07:36:50+07:00,60198,64.3,0x0,0.22,3325,46,2,4,152,0,1
2026-09-20T07:41:51+07:00,60498,65.7,0x0,0.37,3319,344,1,4,152,0,1
2026-09-20T07:46:51+07:00,60798,64.8,0x0,0.03,3325,320,1,4,152,0,1
2026-09-20T07:52:00+07:00,61108,65.7,0x0,0.00,3324,59,1,4,152,0,1
2026-09-20T07:57:21+07:00,61428,63.8,0x0,0.00,3324,62,2,4,152,0,1
2026-09-20T08:02:21+07:00,61729,64.8,0x0,0.00,3326,72,2,4,152,0,1
2026-09-20T08:07:50+07:00,62058,64.8,0x0,0.00,3323,70,1,4,152,0,1
2026-09-20T08:12:50+07:00,62358,64.3,0x0,0.03,3325,54,1,4,152,0,1
2026-09-20T08:17:51+07:00,62658,65.2,0x0,0.02,3321,363,2,4,152,0,1
2026-09-20T08:23:00+07:00,62968,64.3,0x0,0.00,3323,320,2,4,152,0,1
2026-09-20T08:28:21+07:00,63288,65.2,0x0,0.04,3321,74,1,4,152,0,1
2026-09-20T08:33:21+07:00,63588,64.8,0x0,0.00,3322,54,1,4,152,0,1
2026-09-20T08:38:50+07:00,63918,64.3,0x0,0.01,3322,50,2,4,152,0,1
2026-09-20T08:43:51+07:00,64218,65.7,0x0,0.24,3324,349,2,4,152,0,1
2026-09-20T08:48:51+07:00,64518,64.3,0x0,0.00,3323,342,1,4,152,0,1
2026-09-20T08:53:51+07:00,64818,66.2,0x0,0.00,3322,348,1,4,152,0,1
2026-09-20T08:59:00+07:00,65128,64.8,0x0,0.00,3322,314,1,4,152,0,1
2026-09-20T09:04:20+07:00,65448,66.2,0x0,0.01,3315,72,2,4,152,0,1
2026-09-20T09:09:21+07:00,65748,65.7,0x0,0.00,3320,59,1,4,152,0,1
2026-09-20T09:14:48+07:00,66075,65.7,0x0,0.01,3320,53,1,4,152,0,1
2026-09-20T09:19:51+07:00,66379,65.7,0x0,0.01,3320,63,1,4,152,0,1
2026-09-20T09:24:51+07:00,66679,65.7,0x0,0.37,3319,37,1,4,152,0,1
2026-09-20T09:30:00+07:00,66987,66.2,0x0,0.02,3320,323,1,4,152,0,1
2026-09-20T09:35:20+07:00,67308,64.3,0x0,0.01,3322,65,1,4,152,0,1
2026-09-20T09:40:50+07:00,67638,64.3,0x0,0.00,3322,50,1,4,152,0,1
2026-09-20T09:45:50+07:00,67938,64.3,0x0,0.04,3319,47,1,4,152,0,1
2026-09-20T09:50:51+07:00,68238,66.2,0x0,0.02,3319,319,1,4,152,0,1
2026-09-20T09:55:51+07:00,68538,65.7,0x0,0.00,3323,296,1,4,152,0,1
2026-09-20T10:01:00+07:00,68848,65.2,0x0,0.14,3321,324,1,4,152,0,1
2026-09-20T10:06:21+07:00,69168,65.7,0x0,0.00,3321,48,1,4,152,0,1
2026-09-20T10:11:21+07:00,69468,65.2,0x0,0.25,3320,44,1,4,152,0,1
2026-09-20T10:16:50+07:00,69798,64.3,0x0,0.00,3324,40,1,4,152,0,1
2026-09-20T10:21:51+07:00,70098,65.7,0x0,0.01,3320,323,1,4,152,0,1
2026-09-20T10:26:51+07:00,70398,66.7,0x0,0.02,3318,317,0,4,152,0,1
2026-09-20T10:32:00+07:00,70707,65.2,0x0,0.00,3321,302,1,4,152,0,1
2026-09-20T10:37:21+07:00,71028,64.8,0x0,0.00,3320,47,1,4,152,0,1
2026-09-20T10:42:21+07:00,71328,65.2,0x0,0.00,3321,55,1,4,152,0,1
2026-09-20T10:47:50+07:00,71658,64.3,0x0,0.00,3321,50,1,4,152,0,1
2026-09-20T10:52:51+07:00,71958,65.2,0x0,0.00,3322,317,1,4,152,0,1
2026-09-20T10:57:51+07:00,72258,65.2,0x0,0.00,3319,325,1,4,152,0,1
2026-09-20T11:02:51+07:00,72558,65.7,0x0,0.00,3318,332,1,4,152,0,1
2026-09-20T11:08:00+07:00,72868,65.7,0x0,0.29,3319,306,1,4,152,0,1
2026-09-20T11:13:21+07:00,73188,64.8,0x0,0.36,3320,44,1,4,152,0,1
2026-09-20T11:18:21+07:00,73488,65.7,0x0,0.22,3320,65,1,4,152,0,1
2026-09-20T11:23:21+07:00,73789,65.2,0x0,0.17,3321,45,1,4,152,0,1
2026-09-20T11:28:50+07:00,74118,64.8,0x0,0.01,3320,43,1,4,152,0,1
2026-09-20T11:33:51+07:00,74418,66.2,0x0,0.06,3320,315,1,4,152,0,1
2026-09-20T11:38:51+07:00,74718,66.2,0x0,0.02,3313,330,1,4,152,0,1
2026-09-20T11:43:51+07:00,75019,66.7,0x0,0.00,3317,47,1,4,152,0,1
2026-09-20T11:48:51+07:00,75319,67.7,0x0,0.02,3315,60,1,4,152,0,1
2026-09-20T11:54:00+07:00,75628,65.2,0x0,0.00,3314,322,0,4,152,0,1
2026-09-20T11:59:21+07:00,75948,65.2,0x0,0.00,3315,35,1,4,152,0,1
2026-09-20T12:04:50+07:00,76278,65.2,0x0,0.00,3316,55,1,4,153,0,1
2026-09-20T12:09:50+07:00,76578,65.7,0x0,0.00,3318,45,1,4,153,0,1
2026-09-20T12:14:51+07:00,76878,67.2,0x0,0.00,3313,325,1,4,153,0,1
2026-09-20T12:19:51+07:00,77178,66.7,0x0,0.00,3312,64,1,4,154,0,1
2026-09-20T12:25:00+07:00,77488,66.7,0x0,0.06,3315,321,1,4,154,0,1
2026-09-20T12:30:21+07:00,77808,66.7,0x0,0.04,3313,41,1,4,154,0,1
2026-09-20T12:35:47+07:00,78134,65.7,0x0,0.00,3313,50,1,4,154,0,1
2026-09-20T12:40:51+07:00,78439,67.2,0x0,0.00,3312,46,1,4,154,0,1
2026-09-20T12:45:51+07:00,78739,67.2,0x0,0.03,3311,36,1,4,154,0,1
2026-09-20T12:50:52+07:00,79039,67.7,0x0,0.25,3265,303,1,4,154,0,1
2026-09-20T12:56:00+07:00,79348,67.7,0x0,0.25,3316,306,1,4,154,0,1
2026-09-20T13:01:21+07:00,79668,66.7,0x0,0.16,3311,47,1,4,154,0,1
2026-09-20T13:06:21+07:00,79968,66.2,0x0,0.15,3314,63,1,4,154,0,1
2026-09-20T13:11:45+07:00,80292,67.7,0x0,0.15,3300,95,2,4,154,0,1
2026-09-20T13:16:50+07:00,80598,66.7,0x0,0.12,3314,398,2,4,154,0,1
2026-09-20T13:21:51+07:00,80898,66.7,0x0,0.04,3302,325,2,4,154,0,1
2026-09-20T13:27:00+07:00,81208,65.7,0x0,0.00,3302,106,3,4,154,0,1
2026-09-20T13:32:10+07:00,81518,62.8,0x0,0.15,3302,89,3,4,154,0,1
2026-09-20T13:37:40+07:00,81847,62.3,0x0,0.25,3309,106,3,4,154,0,1
2026-09-20T13:42:51+07:00,82158,61.8,0x0,0.01,3304,396,3,4,154,0,1
2026-09-20T13:48:00+07:00,82467,61.3,0x0,0.00,3314,334,2,4,154,0,1
2026-09-20T13:53:00+07:00,82768,61.3,0x0,0.10,3313,256,2,4,156,0,1
2026-09-20T13:58:21+07:00,83088,61.3,0x0,0.00,3310,102,3,4,156,0,1
2026-09-20T14:03:21+07:00,83388,61.3,0x0,0.00,3310,101,3,4,156,0,1
2026-09-20T14:08:25+07:00,83692,63.3,0x0,0.08,3291,123,3,4,156,0,1
2026-09-20T14:13:50+07:00,84017,63.8,0x0,2.16,3309,114,3,4,156,0,1
2026-09-20T14:18:51+07:00,84318,63.3,0x0,0.06,3309,120,3,4,156,0,1
2026-09-20T14:23:51+07:00,84618,62.3,0x0,0.16,3309,88,3,4,156,0,1
2026-09-20T14:29:00+07:00,84927,61.3,0x0,0.23,3311,79,3,4,156,0,1
2026-09-20T14:34:21+07:00,85248,61.3,0x0,0.08,3305,90,3,4,156,0,1
2026-09-20T14:39:21+07:00,85548,61.3,0x0,0.21,3308,82,3,4,156,0,1
2026-09-20T14:44:21+07:00,85848,61.3,0x0,0.15,3309,74,3,4,156,0,1
2026-09-20T14:49:50+07:00,86178,61.8,0x0,0.14,3309,476,3,4,156,0,1
2026-09-20T14:54:51+07:00,86478,60.4,0x0,0.02,3309,398,3,4,156,0,1
2026-09-20T14:59:51+07:00,86778,60.9,0x0,0.11,3308,75,3,4,156,0,1
2026-09-20T15:05:00+07:00,87087,60.9,0x0,0.08,3307,350,3,4,156,0,1
2026-09-20T15:10:20+07:00,87408,62.3,0x0,0.09,3302,78,3,4,157,0,1
2026-09-20T15:15:30+07:00,87717,65.7,0x0,0.59,3322,289,3,4,157,0,1
2026-09-20T15:20:52+07:00,88039,62.8,0x0,0.01,3328,202,3,4,157,0,1
2026-09-20T15:26:00+07:00,88347,61.8,0x0,0.03,3327,391,3,4,157,0,1
2026-09-20T15:31:05+07:00,88652,60.9,0x0,0.00,3327,387,3,4,157,0,1
2026-09-20T15:36:30+07:00,88977,60.9,0x0,0.00,3334,56,3,4,157,0,1
2026-09-20T15:41:50+07:00,89297,58.9,0x0,0.00,3333,314,2,4,157,0,1
2026-09-20T15:46:50+07:00,89598,60.4,0x0,0.00,3329,309,2,4,157,0,1
2026-09-20T15:52:00+07:00,89908,60.9,0x0,0.00,3331,31,2,4,157,0,1
2026-09-20T15:57:00+07:00,90208,60.4,0x0,0.00,3330,55,2,4,157,0,1
2026-09-20T16:02:05+07:00,90512,60.4,0x0,0.12,3331,63,2,4,157,0,1
2026-09-20T16:07:18+07:00,90826,60.9,0x0,0.02,3332,59,2,4,157,0,1
2026-09-20T16:12:30+07:00,91138,60.4,0x0,0.06,3331,75,2,4,157,0,1
2026-09-20T16:17:35+07:00,91442,59.4,0x0,0.05,3324,79,2,4,157,0,1
2026-09-20T16:23:00+07:00,91768,60.4,0x0,0.07,3331,125,2,4,157,0,1
2026-09-20T16:28:05+07:00,92072,57.9,0x0,0.11,3314,296,2,4,157,0,1
2026-09-20T16:33:25+07:00,92393,58.4,0x0,0.02,3329,277,2,4,157,0,1
2026-09-20T16:38:30+07:00,92698,58.9,0x0,0.00,3333,15,2,4,157,0,1
2026-09-20T16:43:50+07:00,93018,58.9,0x0,0.05,3330,271,2,4,157,0,1
2026-09-20T16:48:50+07:00,93318,59.9,0x0,0.03,3328,16,2,4,157,0,1
2026-09-20T16:54:00+07:00,93627,57.9,0x0,0.00,3328,270,2,4,157,0,1
2026-09-20T16:59:00+07:00,93928,59.4,0x0,0.02,3329,272,1,4,157,0,1
2026-09-20T17:04:05+07:00,94232,59.4,0x0,0.00,3328,273,1,4,157,0,1
2026-09-20T17:09:05+07:00,94532,60.4,0x0,0.00,3324,335,1,4,157,0,1
2026-09-20T17:14:30+07:00,94858,60.4,0x0,0.00,3332,19,1,4,157,0,1
2026-09-20T17:19:58+07:00,95185,59.4,0x0,0.02,3339,269,0,4,157,0,1
2026-09-20T17:24:58+07:00,95485,58.9,0x0,0.26,3339,268,0,4,157,0,1
2026-09-20T17:30:00+07:00,95787,59.4,0x0,0.28,3341,269,0,4,157,0,1
2026-09-20T17:35:05+07:00,96092,59.9,0x0,0.00,3337,15,0,4,157,0,1
2026-09-20T17:40:05+07:00,96392,60.4,0x0,0.03,3336,15,0,4,157,0,1
2026-09-20T17:45:22+07:00,96709,60.4,0x0,0.08,3339,402,2,4,157,0,1
2026-09-20T17:50:30+07:00,97017,60.4,0x0,0.28,3339,395,2,4,157,0,1
2026-09-20T17:56:00+07:00,97348,58.9,0x0,0.09,3326,83,0,4,157,0,1
2026-09-20T18:01:00+07:00,97648,58.9,0x0,0.03,3328,38,0,4,157,0,1
